<?xml version="1.0"?>
<!--<!DOCTYPE metadata SYSTEM "http://www.esri.com/metadata/esriprof80.dtd">-->
<metadata xml:lang="en"><Esri><CreaDate>20111006</CreaDate><CreaTime>16454500</CreaTime><SyncOnce>FALSE</SyncOnce><SyncDate>20111006</SyncDate><SyncTime>16230200</SyncTime><ModDate>20111006</ModDate><ModTime>16230200</ModTime><MetaID>{931E7A63-C75F-4D3E-8A30-AC828CBB4E0A}</MetaID></Esri><idinfo><native Sync="TRUE">Microsoft Windows Vista Version 6.1 (Build 7600) ; ESRI ArcCatalog 9.3.1.3000</native><descript><langdata Sync="TRUE">en</langdata><abstract>This dataset shows the location of tropical montane cloud forest sites as recorded in a worldwide inventory compiled by UNEP-WCMC and published in "A Global Directory of Tropical Montane Cloud Forests", Aldrich et al., 1997. This inventory was compiled from literature searches and correspondence with regional experts, and contains a total of 529 sites. The central location for each site is recorded but does not identify the great variability in their size, which ranges from 50 hectares to hundreds of square kilometres. </abstract><purpose>Tropical montane cloud forests represent a rare and fragile ecosystem that is under threat in many parts of the world. Urgent action is needed to conserve these rich mountain forests, not only because they harbour concentrations of endemic and threatened species but to maintain their vital role in the provision of freshwater. All tropical forests are under threat but cloud forests are uniquely threatened both by human pressures and by climate change impacting on temperature, rainfall and the formation of clouds in mountain areas. Cloud forests are a rare habitat of tropical mountains which have not received sufficient attention for their exceptional concentrations of biodiversity and as sources of freshwater. This threat and rarity makes it necessary to map the location of cloud forests to improve unerstanding and conservation efforts.</purpose></descript><citation><citeinfo><origin>UNEP-WCMC</origin><pubdate>1997</pubdate><title>Global distribution of Tropical Montane Cloud Forests</title><ftname Sync="TRUE">cloudfor010pnt</ftname><geoform Sync="TRUE">vector digital data</geoform><onlink Sync="TRUE"></onlink><othercit>Full citation: Locations of tropical montane cloud forest sites as recorded in a worldwide inventory compiled by UNEP-WCMC and published in "A Global Directory of Tropical Montane Cloud Forests", Aldrich et al., 1997.</othercit></citeinfo></citation><timeperd><current>publication date</current><timeinfo><sngdate><caldate>1997</caldate></sngdate></timeinfo></timeperd><status><progress>Complete</progress><update>Irregular</update></status><spdom><bounding><westbc Sync="TRUE">-155.589264</westbc><eastbc Sync="TRUE">152.879625</eastbc><northbc Sync="TRUE">23.466681</northbc><southbc Sync="TRUE">-28.133319</southbc></bounding><lboundng><leftbc Sync="TRUE">-155.589264</leftbc><rightbc Sync="TRUE">152.879625</rightbc><bottombc Sync="TRUE">-28.133319</bottombc><topbc Sync="TRUE">23.466681</topbc></lboundng></spdom><keywords><theme><themekt>unknown</themekt><themekey>cloud</themekey><themekey>forest</themekey><themekey>cloud forests</themekey><themekey>forests</themekey><themekey>tropical</themekey><themekey>montane</themekey><themekey>mountain</themekey></theme><place><placekey>global</placekey><placekey>world</placekey><placekey>Africa</placekey><placekey>Americas</placekey><placekt>unknown</placekt><placekey>Asia</placekey></place></keywords><accconst>Apply to the UNEP-WCMC for terms and conditions of access.</accconst><useconst>1) Adhere to terms and conditions of access 2) acknowledge the source appropriately, 3) do not re-distribute part or all of these data without contacting UNEP-WCMC</useconst><natvform Sync="TRUE">Shapefile</natvform><ptcontac><cntinfo><cntpos>Spatial Analysis Coordinator</cntpos><cntvoice>+44 (0) 1223277314</cntvoice><cntfax>+44 (0) 1223277136</cntfax><cntorgp><cntorg>UNEP-WCMC</cntorg></cntorgp><cntaddr><addrtype>mailing and physical address</addrtype><address>219 Huntingdon Road</address><city>Cambridge</city><state>Cambridgeshire</state><postal>CB3 0DL</postal><country>UK</country></cntaddr><cntemail>spatialanalysis@unep-wcmc.org</cntemail></cntinfo></ptcontac></idinfo><dataIdInfo><envirDesc Sync="TRUE">Microsoft Windows Vista Version 6.1 (Build 7600) ; ESRI ArcCatalog 9.3.1.3000</envirDesc><dataLang><languageCode Sync="TRUE" value="en"></languageCode></dataLang><idCitation><resTitle Sync="TRUE">cloudfor010pnt</resTitle><presForm><PresFormCd Sync="TRUE" value="005"></PresFormCd></presForm></idCitation><spatRpType><SpatRepTypCd Sync="TRUE" value="001"></SpatRepTypCd></spatRpType><dataExt><geoEle><GeoBndBox esriExtentType="native"><westBL Sync="TRUE">-155.589264</westBL><eastBL Sync="TRUE">152.879625</eastBL><northBL Sync="TRUE">23.466681</northBL><southBL Sync="TRUE">-28.133319</southBL><exTypeCode Sync="TRUE">1</exTypeCode></GeoBndBox></geoEle></dataExt><geoBox esriExtentType="decdegrees"><westBL Sync="TRUE">-155.589264</westBL><eastBL Sync="TRUE">152.879625</eastBL><northBL Sync="TRUE">23.466681</northBL><southBL Sync="TRUE">-28.133319</southBL><exTypeCode Sync="TRUE">1</exTypeCode></geoBox></dataIdInfo><metainfo><langmeta Sync="TRUE">en</langmeta><metstdn>ISO 19115</metstdn><metstdv>v 2.0</metstdv><mettc Sync="TRUE">local time</mettc><metc><cntinfo><cntorgp><cntorg>UNEP-WCMC</cntorg></cntorgp><cntaddr><addrtype>mailing and physical address</addrtype><city>Cambridge</city><state>Cambridgeshire</state><postal>CB3 0DL</postal><address>219 Huntingdon Road</address><country>UK</country></cntaddr><cntvoice>+44 (0) 1223277314</cntvoice><cntpos>Spatial Analysis Unit</cntpos><cntfax>+44 (0) 1223277136</cntfax><cntemail>spatialanalysis@unep-wcmc.org</cntemail></cntinfo></metc><metd Sync="TRUE">20111006</metd><metextns><onlink Sync="TRUE">http://www.esri.com/metadata/esriprof80.html</onlink><metprof Sync="TRUE">ESRI Metadata Profile</metprof></metextns></metainfo><mdLang><languageCode Sync="TRUE" value="en"></languageCode></mdLang><mdStanName Sync="TRUE">ISO 19115 Geographic Information - Metadata</mdStanName><mdStanVer Sync="TRUE">DIS_ESRI1.0</mdStanVer><mdChar><CharSetCd Sync="TRUE" value="004"></CharSetCd></mdChar><mdHrLv><ScopeCd Sync="TRUE" value="005"></ScopeCd></mdHrLv><mdHrLvName Sync="TRUE">dataset</mdHrLvName><distinfo><distrib><cntinfo><cntorgp><cntorg>UNEP-WCMC</cntorg></cntorgp><cntpos>Spatial Analysis Unit</cntpos><cntvoice>+44 (0) 1223277314</cntvoice><cntaddr><addrtype>mailing and physical address</addrtype><address>219 Huntingdon Road</address><city>Cambridge</city><state>Cambridgeshire</state><postal>CB3 0DL</postal><country>UK</country></cntaddr><cntfax>+44 (0) 1223277136</cntfax><cntemail>spatialanalysis@unep-wcmc.org</cntemail></cntinfo></distrib><resdesc Sync="TRUE">Downloadable Data</resdesc><stdorder><digform><digtinfo><transize Sync="TRUE">0.014</transize><dssize Sync="TRUE">0.014</dssize></digtinfo></digform></stdorder></distinfo><distInfo><distributor><distorTran><onLineSrc><orDesc Sync="TRUE">002</orDesc><linkage Sync="TRUE">file://</linkage><protocol Sync="TRUE">Local Area Network</protocol></onLineSrc><transSize Sync="TRUE">0.014</transSize></distorTran><distorFormat><formatName Sync="TRUE">Shapefile</formatName></distorFormat></distributor></distInfo><spdoinfo><direct Sync="TRUE">Vector</direct><ptvctinf><esriterm Name="cloudfor010pnt"><efeatyp Sync="TRUE">Simple</efeatyp><efeageom Sync="TRUE">Point</efeageom><esritopo Sync="TRUE">FALSE</esritopo><efeacnt Sync="TRUE">529</efeacnt><spindex Sync="TRUE">TRUE</spindex><linrefer Sync="TRUE">FALSE</linrefer></esriterm><sdtsterm Name="cloudfor010pnt"><sdtstype Sync="TRUE">Entity point</sdtstype><ptvctcnt Sync="TRUE">529</ptvctcnt></sdtsterm></ptvctinf></spdoinfo><spref><horizsys><cordsysn><geogcsn Sync="TRUE">GCS_WGS_1984</geogcsn></cordsysn><geograph><geogunit Sync="TRUE">Decimal degrees</geogunit><latres Sync="TRUE">0.000000</latres><longres Sync="TRUE">0.000000</longres></geograph><geodetic><horizdn Sync="TRUE">D_WGS_1984</horizdn><ellips Sync="TRUE">WGS_1984</ellips><semiaxis Sync="TRUE">6378137.000000</semiaxis><denflat Sync="TRUE">298.257224</denflat></geodetic></horizsys><vertdef><altsys><altenc Sync="TRUE">Explicit elevation coordinate included with horizontal coordinates</altenc><altres Sync="TRUE">1.000000</altres></altsys></vertdef></spref><refSysInfo><RefSystem><refSysID><identCode Sync="TRUE">GCS_WGS_1984</identCode></refSysID></RefSystem></refSysInfo><spatRepInfo><VectSpatRep><topLvl><TopoLevCd Sync="TRUE" value="001"></TopoLevCd></topLvl><geometObjs Name="cloudfor010pnt"><geoObjTyp><GeoObjTypCd Sync="TRUE" value="004"></GeoObjTypCd></geoObjTyp><geoObjCnt Sync="TRUE">529</geoObjCnt></geometObjs></VectSpatRep></spatRepInfo><eainfo><detailed Name="cloudfor010pnt"><enttyp><enttypl Sync="TRUE">cloudfor010pnt</enttypl><enttypt Sync="TRUE">Feature Class</enttypt><enttypc Sync="TRUE">529</enttypc><enttypd>Global distribution of cloud forests (point)</enttypd><enttypds>UNEP-WCMC</enttypds></enttyp><attr><attrlabl Sync="TRUE">FID</attrlabl><attalias Sync="TRUE">FID</attalias><attrtype Sync="TRUE">OID</attrtype><attwidth Sync="TRUE">4</attwidth><atprecis Sync="TRUE">0</atprecis><attscale Sync="TRUE">0</attscale><attrdef Sync="TRUE">Internal feature number.</attrdef><attrdefs Sync="TRUE">ESRI</attrdefs><attrdomv><udom Sync="TRUE">Sequential unique whole numbers that are automatically generated.</udom></attrdomv></attr><attr><attrlabl Sync="TRUE">OBJECTID</attrlabl><attalias Sync="TRUE">OBJECTID</attalias><attrtype Sync="TRUE">Number</attrtype><attwidth Sync="TRUE">10</attwidth><attrdef Sync="TRUE">Internal feature number.</attrdef><attrdefs Sync="TRUE">ESRI</attrdefs><attrdomv><udom Sync="TRUE">Sequential unique whole numbers that are automatically generated.</udom></attrdomv></attr><attr><attrlabl Sync="TRUE">PERIMETER</attrlabl><attalias Sync="TRUE">PERIMETER</attalias><attrtype Sync="TRUE">Number</attrtype><attwidth Sync="TRUE">19</attwidth><attrdef>Internal feature number.</attrdef><attrdefs>ESRI</attrdefs><atnumdec Sync="TRUE">8</atnumdec></attr><attr><attrlabl Sync="TRUE">AREA</attrlabl><attalias Sync="TRUE">AREA</attalias><attrtype Sync="TRUE">Number</attrtype><attwidth Sync="TRUE">19</attwidth><atnumdec Sync="TRUE">8</atnumdec></attr><attr><attrlabl Sync="TRUE">CLOUDSPT_</attrlabl><attalias Sync="TRUE">CLOUDSPT_</attalias><attrtype Sync="TRUE">Number</attrtype><attwidth Sync="TRUE">10</attwidth><attrdef>Internal feature number.</attrdef><attrdefs>ESRI</attrdefs></attr><attr><attrlabl Sync="TRUE">AREANAME</attrlabl><attalias Sync="TRUE">AREANAME</attalias><attrtype Sync="TRUE">String</attrtype><attwidth Sync="TRUE">50</attwidth><attrdef>Forest location</attrdef><attrdefs>UNEP-WCMC</attrdefs></attr><attr><attrlabl Sync="TRUE">CLOUDSPT_I</attrlabl><attalias Sync="TRUE">CLOUDSPT_I</attalias><attrtype Sync="TRUE">Number</attrtype><attwidth Sync="TRUE">10</attwidth></attr><attr><attrlabl Sync="TRUE">ISO3</attrlabl><attalias Sync="TRUE">ISO3</attalias><attrtype Sync="TRUE">String</attrtype><attwidth Sync="TRUE">3</attwidth><attrdef>ISO3 Country Code</attrdef><attrdefs>UNEP-WCMC</attrdefs></attr><attr><attrlabl Sync="TRUE">LAT</attrlabl><attalias Sync="TRUE">LAT</attalias><attrtype Sync="TRUE">Number</attrtype><attwidth Sync="TRUE">19</attwidth><attrdef>Latitude</attrdef><attrdefs>UNEP-WCMC</attrdefs><atnumdec Sync="TRUE">8</atnumdec></attr><attr><attrlabl Sync="TRUE">LON</attrlabl><attalias Sync="TRUE">LON</attalias><attrtype Sync="TRUE">Number</attrtype><attwidth Sync="TRUE">19</attwidth><attrdef>Longitude</attrdef><attrdefs>UNEP-WCMC</attrdefs><atnumdec Sync="TRUE">8</atnumdec></attr><attr><attrlabl Sync="TRUE">SITE_CODE</attrlabl><attalias Sync="TRUE">SITE_CODE</attalias><attrtype Sync="TRUE">Number</attrtype><attwidth Sync="TRUE">19</attwidth><attrdef>Unique identifier for site</attrdef><attrdefs>UNEP-WCMC</attrdefs><atnumdec Sync="TRUE">8</atnumdec></attr><attr><attrlabl Sync="TRUE">UNIQUE_</attrlabl><attalias Sync="TRUE">UNIQUE_</attalias><attrtype Sync="TRUE">Number</attrtype><attwidth Sync="TRUE">5</attwidth></attr><attr><attrlabl Sync="TRUE">POLYGONID</attrlabl><attalias Sync="TRUE">POLYGONID</attalias><attrtype Sync="TRUE">Number</attrtype><attwidth Sync="TRUE">10</attwidth></attr><attr><attrlabl Sync="TRUE">SCALE</attrlabl><attalias Sync="TRUE">SCALE</attalias><attrtype Sync="TRUE">Number</attrtype><attwidth Sync="TRUE">19</attwidth><atnumdec Sync="TRUE">8</atnumdec></attr><attr><attrlabl Sync="TRUE">ANGLE</attrlabl><attalias Sync="TRUE">ANGLE</attalias><attrtype Sync="TRUE">Number</attrtype><attwidth Sync="TRUE">10</attwidth></attr><attr><attrlabl Sync="TRUE">SHAPE</attrlabl><attalias Sync="TRUE">Shape</attalias><attrtype Sync="TRUE">Geometry</attrtype><attwidth Sync="TRUE">0</attwidth><atprecis Sync="TRUE">0</atprecis><attscale Sync="TRUE">0</attscale><attrdef Sync="TRUE">Feature geometry.</attrdef><attrdefs Sync="TRUE">ESRI</attrdefs><attrdomv><udom Sync="TRUE">Coordinates defining the features.</udom></attrdomv></attr></detailed></eainfo><mdDateSt Sync="TRUE">20111006</mdDateSt><dataqual><lineage><srcinfo><srccontr>Data from various sources. For a full list of controbutors contact UNEP-WCMC.</srccontr></srcinfo><procstep><procdesc Sync="TRUE">Dataset copied.</procdesc><srcused Sync="TRUE">Server=kennett; Service=port:5151; Database=GIS_BML; User=vec; Version=sde.DEFAULT</srcused><date Sync="TRUE">20080305</date><time Sync="TRUE">11074300</time></procstep><procstep><procdesc Sync="TRUE">Dataset copied.</procdesc><srcused Sync="TRUE">Service=sde:sqlserver:wcmc-gis-01; Database=GIS_Legacy_keep; User=gis_admin; Version=sde.DEFAULT</srcused><procdate Sync="TRUE">20111003</procdate><proctime Sync="TRUE">17400700</proctime></procstep><procstep><procdesc Sync="TRUE">Dataset copied.</procdesc><srcused Sync="TRUE"></srcused><procdate Sync="TRUE">20111006</procdate><proctime Sync="TRUE">16454500</proctime></procstep></lineage><complete>A wide range of sources at various scales have been incorporated.. A crucial aspect of the collation of this dataset is ensuring that the dataset is of the highest possible scientific quality through the involvement of the key experts worldwide. This dataset is assumed to be complete at the time of publication.</complete><logic>Records from many different sources were reviewed for inclusion, based on published and peer reviewed scientific literature and outreach to expert knowledge.</logic></dataqual></metadata>
